Workbook

Sheet Clasificacion EDGE
B5: WBS EDGE
B7: Instrucciones
B8: 1. Realiza un save as de este documento en la carpeta del proyecto correspondiente.
B9: 2. Ajusta tu WBS considerando las actividades que aplican a tu proyecto.
B10: 3. Cuadra las horas considerando el presupuesto de horas otorgado por tu Gerente de Operaciones.
B11: 4. Dírígete a la hoja de "WBS outputs" y descárgala
B12: 5. Dirígete a la hoja de "Etapas_outputs" y descárgala.
B13: 6. Importa en SmartSuite los documentos descargados siguiendo los pasos de la presentación "Proceso de recepción de proyecto_PM".
B18: 1 día equivale a ,2
B19: 1 semana equivale a 1

Sheet Validacion WBS
A1: Fecha estimada de inicio | E1: 45839 | I1: Tiempos Equipo | L1: Tiempos pendientes Equipo | P1: Actividades
A2: Bloque | B2: Actividad | C2: Horas estimadas (mediano) | D2: Duracion (semanas) | E2: Fecha inicio | F2: Fecha fin | G2: Descripción de actividades | H2: CJ | I2: CS | J2: PM | K2: Auditor | L2: HPen CJ | M2: HPen CS | N2: HPen PM | O2: HPen Auditor | P2: Críticas
A3: 0. Carga en Smart Suite | B3: 0.1 Gestión de proyecto | C3: =SUM(H3:K3) -> 6 | D3: 0.2 | E3: =_xlfn.WORKDAY.INTL(E1, 1, 1,'PONER VACACIONES'!$B$4:$B$24) -> #REF! | F3: =_xlfn.WORKDAY.INTL(E3, D3*5, 1,'PONER VACACIONES'!$B$4:$B$24) -> #REF! | G3: Gestionar y programar el WBS del proyecto en Smart Suite. | H3: 0 | I3: 0 | J3: 6 | K3: 0 | L3: =H3 -> 0 | M3: =I3 -> 0 | N3: =J3 -> 6 | O3: =K3 -> 0 | P3: FALSE
A4: 1. Seguimiento | B4: 1.1 Reuniones con el cliente | C4: =SUM(H4:K4) -> 12 | D4: 120 | E4: =_xlfn.WORKDAY.INTL(E1, 1, 1,'PONER VACACIONES'!$B$4:$B$24) -> #REF! | F4: =_xlfn.WORKDAY.INTL(E4, D4*5, 1,'PONER VACACIONES'!$B$4:$B$24) -> #REF! | G4: Atender reuniones con el cliente | H4: 0 | I4: 4 | J4: 8 | K4: 0 | L4: =H4 -> 0 | M4: =I4 -> 4 | N4: =J4 -> 8 | O4: =K4 -> 0 | P4: FALSE
A5: 1. Seguimiento | B5: 1.2 Kick-off | C5: =SUM(H5:K5) -> 2 | D5: 0.2 | E5: =_xlfn.WORKDAY.INTL(E1+1, 1, 1,'PONER VACACIONES'!$B$4:$B$24) -> #REF! | F5: =_xlfn.WORKDAY.INTL(E5, D5*5, 1,'PONER VACACIONES'!$B$4:$B$24) -> #REF! | G5: Exponer ante el cliente el comportamiento del proyecto en EDGE. Explicar las estrategias a seguir y las metas de la certificación. | H5: 0 | I5: 1 | J5: 1 | K5: 0 | L5: =H5 -> 0 | M5: =I5 -> 1 | N5: =J5 -> 1 | O5: =K5 -> 0 | P5: FALSE
A6: 2. EDGE Expert: Diseño Integrado | B6: 2.1 Evaluación inicial en EDGE App | C6: =SUM(H6:K6) -> 6 | D6: 0.2 | E6: =_xlfn.WORKDAY.INTL(F5, 1, 1,'PONER VACACIONES'!$B$4:$B$24) -> #REF! | F6: =_xlfn.WORKDAY.INTL(E6, D6*5, 1,'PONER VACACIONES'!$B$4:$B$24) -> #REF! | G6: Revisar la información compartida y evaluar el proyecto en la EDGE App. | H6: 2 | I6: 3 | J6: 1 | K6: 0 | L6: =H6 -> 2 | M6: =I6 -> 3 | N6: =J6 -> 1 | O6: =K6 -> 0 | P6: FALSE
A7: 2. EDGE Expert: Diseño Integrado | B7: 2.2 Revisión de diseño arquitectónico y de ingeniería | C7: =SUM(H7:K7) -> 8 | D7: 1 | E7: =_xlfn.WORKDAY.INTL(F5, 1, 1,'PONER VACACIONES'!$B$4:$B$24) -> #REF! | F7: =_xlfn.WORKDAY.INTL(E7, D7*5, 1,'PONER VACACIONES'!$B$4:$B$24) -> #REF! | G7: Revisar los avances de las ingenierías del proyecto detéctando áreas de oportunidad y mejora para cumplir con los objetivos de EDGE. | H7: 2 | I7: 5 | J7: 1 | K7: 0 | L7: =H7 -> 2 | M7: =I7 -> 5 | N7: =J7 -> 1 | O7: =K7 -> 0 | P7: FALSE
A8: 3. EDGE Expert: Seguimiento | B8: 3.1. Reuniones de seguimiento con cliente | C8: =SUM(H8:K8) -> 18 | D8: 12 | E8: =_xlfn.WORKDAY.INTL(F5, 1, 1,'PONER VACACIONES'!$B$4:$B$24) -> #REF! | F8: =_xlfn.WORKDAY.INTL(E8, D8*5, 1,'PONER VACACIONES'!$B$4:$B$24) -> #REF! | G8: Programar y llevar reuniones con el cliente y los equipos de trabajo para explicar si se está cumpliendo con las estrategias persegidas. | H8: 0 | I8: 6 | J8: 12 | K8: 0 | L8: =H8 -> 0 | M8: =I8 -> 6 | N8: =J8 -> 12 | O8: =K8 -> 0 | P8: FALSE
A9: 3. EDGE Expert: Seguimiento | B9: 3.2 Coordinación con equipo de diseño y ajustes | C9: =SUM(H9:K9) -> 12 | D9: 4 | E9: =_xlfn.WORKDAY.INTL(E5, 1, 1,'PONER VACACIONES'!$B$4:$B$24) -> #REF! | F9: =_xlfn.WORKDAY.INTL(E9, D9*5, 1,'PONER VACACIONES'!$B$4:$B$24) -> #REF! | G9: Capacitaciones para el equipo de diseño, revisión de planos y sugerencias. | H9: 0 | I9: 4 | J9: 8 | K9: 0 | L9: =H9 -> 0 | M9: =I9 -> 4 | N9: =J9 -> 8 | O9: =K9 -> 0 | P9: FALSE
A10: 4. EDGE Expert: Documentación Diseño | B10: 4.1 Alta del proyecto en EDGE APP y verificación de versión | C10: =SUM(H10:K10) -> 3 | D10: 0.2 | E10: =_xlfn.WORKDAY.INTL(F9, 1, 1,'PONER VACACIONES'!$B$4:$B$24) -> #REF! | F10: =_xlfn.WORKDAY.INTL(E10, D10*5, 1,'PONER VACACIONES'!$B$4:$B$24) -> #REF! | G10: Realizar el registro del proyecto, solicitar al cliente los datos de registro a través de un RFI. | H10: 0 | I10: 2 | J10: 1 | K10: 0 | L10: =H10 -> 0 | M10: =I10 -> 2 | N10: =J10 -> 1 | O10: =K10 -> 0 | P10: FALSE
A11: 4. EDGE Expert: Documentación Diseño | B11: 4.2 Configuración de parámetros base y tipologías | C11: =SUM(H11:K11) -> 3 | D11: 0.2 | E11: =_xlfn.WORKDAY.INTL(E6, 1, 1,'PONER VACACIONES'!$B$4:$B$24) -> #REF! | F11: =_xlfn.WORKDAY.INTL(E11, D11*5, 1,'PONER VACACIONES'!$B$4:$B$24) -> #REF! | G11: Definir y generar tipologías del proyecto | H11: 2 | I11: 1 | J11: 0 | K11: 0 | L11: =H11 -> 2 | M11: =I11 -> 1 | N11: =J11 -> 0 | O11: =K11 -> 0 | P11: FALSE
A12: 4. EDGE Expert: Documentación Diseño | B12: 4.3. Revisión de planos y fichas técnicas | C12: =SUM(H12:K12) -> 6 | D12: 120 | E12: =_xlfn.WORKDAY.INTL(E6, 1, 1,'PONER VACACIONES'!$B$4:$B$24) -> #REF! | F12: =_xlfn.WORKDAY.INTL(E12, D12*5, 1,'PONER VACACIONES'!$B$4:$B$24) -> #REF! | G12: Revisión de planos as-built y fichas técnicas, generación de issues log y recomendaciones. | H12: 2 | I12: 3 | J12: 1 | K12: 0 | L12: =H12 -> 2 | M12: =I12 -> 3 | N12: =J12 -> 1 | O12: =K12 -> 0 | P12: FALSE
A13: 4. EDGE Expert: Documentación Diseño | B13: 4.4 Design | C13: =SUM(H13:K13) -> 4.5 | D13: 0.2 | E13: =_xlfn.WORKDAY.INTL(E9, 1, 1,'PONER VACACIONES'!$B$4:$B$24) -> #REF! | F13: =_xlfn.WORKDAY.INTL(E13, D13*5, 1,'PONER VACACIONES'!$B$4:$B$24) -> #REF! | G13: Realizar el llenado de la pestaña de diseño en EDGE App. Subir los documentos correspondientes. | H13: 2.5 | I13: 1.5 | J13: 0.5 | K13: 0 | L13: =H13 -> 2.5 | M13: =I13 -> 1.5 | N13: =J13 -> 0.5 | O13: =K13 -> 0 | P13: FALSE
A14: 4. EDGE Expert: Documentación Diseño | B14: 4.5 EEM01* Window-to-Wall Ratio | C14: =SUM(H14:K14) -> 5 | D14: 0.2 | E14: =_xlfn.WORKDAY.INTL(E9, 1, 1,'PONER VACACIONES'!$B$4:$B$24) -> #REF! | F14: =_xlfn.WORKDAY.INTL(E14, D14*5, 1,'PONER VACACIONES'!$B$4:$B$24) -> #REF! | G14: Revisar los alzados del proyecto para calcular la proporción de ventana-muro, llenar calculadora en EDGE App y subir documentación correspondiente. | H14: 2.5 | I14: 2 | J14: 0.5 | K14: 0 | L14: =H14 -> 2.5 | M14: =I14 -> 2 | N14: =J14 -> 0.5 | O14: =K14 -> 0 | P14: TRUE
A15: 4. EDGE Expert: Documentación Diseño | B15: 4.6 EEM02 Reflective Roof: Solar Reflectance Index | C15: =SUM(H15:K15) -> 2.5 | D15: 0.2 | E15: =_xlfn.WORKDAY.INTL(F14, 1, 1,'PONER VACACIONES'!$B$4:$B$24) -> #REF! | F15: =_xlfn.WORKDAY.INTL(E15, D15*5, 1,'PONER VACACIONES'!$B$4:$B$24) -> #REF! | G15: Revisar el plano de acabados de techo, investigar la ficha técnica del material propuesto, llenar la calculadora de la EDGE App y subir documentación correspondiente. | H15: 1 | I15: 1 | J15: 0.5 | K15: 0 | L15: =H15 -> 1 | M15: =I15 -> 1 | N15: =J15 -> 0.5 | O15: =K15 -> 0 | P15: FALSE
A16: 4. EDGE Expert: Documentación Diseño | B16: 4.7 EEM03 Reflective Exterior Walls | C16: =SUM(H16:K16) -> 2.5 | D16: 0.2 | E16: =_xlfn.WORKDAY.INTL(F14, 1, 1,'PONER VACACIONES'!$B$4:$B$24) -> #REF! | F16: =_xlfn.WORKDAY.INTL(E16, D16*5, 1,'PONER VACACIONES'!$B$4:$B$24) -> #REF! | G16: Revisar los planos de acabados de muros exteriores, investigar la ficha técnica del material propuesto, llenar la calculadora de la EDGE App y subir documentación correspondiente. | H16: 1 | I16: 1 | J16: 0.5 | K16: 0 | L16: =H16 -> 1 | M16: =I16 -> 1 | N16: =J16 -> 0.5 | O16: =K16 -> 0 | P16: FALSE
A17: 4. EDGE Expert: Documentación Diseño | B17: 4.8 EEM04 External Shading Devices | C17: =SUM(H17:K17) -> 5.5 | D17: 0.2 | E17: =_xlfn.WORKDAY.INTL(F14, 1, 1,'PONER VACACIONES'!$B$4:$B$24) -> #REF! | F17: =_xlfn.WORKDAY.INTL(E17, D17*5, 1,'PONER VACACIONES'!$B$4:$B$24) -> #REF! | G17: Revisar planos de fachadas, resaltando los louvers o protecciones solares, generar detalles de ventanería con la profundidad de las protecciones, llenar calculadora y cálculos en la EDGE App y subir documentación correspondiente. | H17: 3 | I17: 2 | J17: 0.5 | K17: 0 | L17: =H17 -> 3 | M17: =I17 -> 2 | N17: =J17 -> 0.5 | O17: =K17 -> 0 | P17: FALSE
A18: 4. EDGE Expert: Documentación Diseño | B18: 4.9 EEM05* Insulation of Roof | C18: =SUM(H18:K18) -> 1.5 | D18: 0.2 | E18: =_xlfn.WORKDAY.INTL(F17, 1, 1,'PONER VACACIONES'!$B$4:$B$24) -> #REF! | F18: =_xlfn.WORKDAY.INTL(E18, D18*5, 1,'PONER VACACIONES'!$B$4:$B$24) -> #REF! | G18: Revisar el plano de especificaciones de sistema constructivo de techo, investigar la ficha técnica del material propuesto, llenar la calculadora de la EDGE App y subir documentación correspondiente. | H18: 1 | I18: 0.5 | J18: 0 | K18: 0 | L18: =H18 -> 1 | M18: =I18 -> 0.5 | N18: =J18 -> 0 | O18: =K18 -> 0 | P18: TRUE
A19: 4. EDGE Expert: Documentación Diseño | B19: 4.10 EEM06* Insulation of Ground/Raised Floor Slab | C19: =SUM(H19:K19) -> 1.5 | D19: 0.2 | E19: =_xlfn.WORKDAY.INTL(F18, 1, 1,'PONER VACACIONES'!$B$4:$B$24) -> #REF! | F19: =_xlfn.WORKDAY.INTL(E19, D19*5, 1,'PONER VACACIONES'!$B$4:$B$24) -> #REF! | G19: Revisar el plano de especificaciones de sistema constructivo de entrepisos, investigar la ficha técnica del material propuesto, llenar la calculadora de la EDGE App y subir documentación correspondiente. | H19: 1 | I19: 0.5 | J19: 0 | K19: 0 | L19: =H19 -> 1 | M19: =I19 -> 0.5 | N19: =J19 -> 0 | O19: =K19 -> 0 | P19: FALSE
A20: 4. EDGE Expert: Documentación Diseño | B20: 4.11 EEM07 Green Roof | C20: =SUM(H20:K20) -> 2.5 | D20: 0.2 | E20: =_xlfn.WORKDAY.INTL(F19, 1, 1,'PONER VACACIONES'!$B$4:$B$24) -> #REF! | F20: =_xlfn.WORKDAY.INTL(E20, D20*5, 1,'PONER VACACIONES'!$B$4:$B$24) -> #REF! | G20: Revisar plano de azotea con especificaciones del techo verde, generar una sección de techo considerando las capas de los materiales, calcular Leaf area Index considerando las copas de los árboles considerados. Llenar apartados en la EDGE App y subir documentación correspondiente. | H20: 1 | I20: 1 | J20: 0.5 | K20: 0 | L20: =H20 -> 1 | M20: =I20 -> 1 | N20: =J20 -> 0.5 | O20: =K20 -> 0 | P20: FALSE
A21: 4. EDGE Expert: Documentación Diseño | B21: 4.12 EEM08* Insulation of Exterior Walls | C21: =SUM(H21:K21) -> 1.5 | D21: 0.2 | E21: =_xlfn.WORKDAY.INTL(F20, 1, 1,'PONER VACACIONES'!$B$4:$B$24) -> #REF! | F21: =_xlfn.WORKDAY.INTL(E21, D21*5, 1,'PONER VACACIONES'!$B$4:$B$24) -> #REF! | G21: Revisar el plano de especificaciones de sistema constructivo de muros, investigar la ficha técnica del material propuesto, llenar la calculadora de la EDGE App y subir documentación correspondiente. | H21: 1 | I21: 0.5 | J21: 0 | K21: 0 | L21: =H21 -> 1 | M21: =I21 -> 0.5 | N21: =J21 -> 0 | O21: =K21 -> 0 | P21: FALSE
A22: 4. EDGE Expert: Documentación Diseño | B22: 4.13 EEM09* Efficiency of Glass | C22: =SUM(H22:K22) -> 2.5 | D22: 0.2 | E22: =_xlfn.WORKDAY.INTL(F21, 1, 1,'PONER VACACIONES'!$B$4:$B$24) -> #REF! | F22: =_xlfn.WORKDAY.INTL(E22, D22*5, 1,'PONER VACACIONES'!$B$4:$B$24) -> #REF! | G22: Revisar plano de ventanería para determinar la especificación del cristal, investigar ficha técnica, llenar información en EDGE App y subir documentación correspondiente. | H22: 2 | I22: 0.5 | J22: 0 | K22: 0 | L22: =H22 -> 2 | M22: =I22 -> 0.5 | N22: =J22 -> 0 | O22: =K22 -> 0 | P22: FALSE
A23: 4. EDGE Expert: Documentación Diseño | B23: 4.14 EEM10 Air Infiltration of Envelope | C23: =SUM(H23:K23) -> 6 | D23: 0.2 | E23: =_xlfn.WORKDAY.INTL(F22+30, 1, 1,'PONER VACACIONES'!$B$4:$B$24) -> #REF! | F23: =_xlfn.WORKDAY.INTL(E23, D23*5, 1,'PONER VACACIONES'!$B$4:$B$24) -> #REF! | G23: Gestionar blower door test para confirmar hermeticidad, documentar planos y detalles arquitectónicos de los componentes a cumplir con la hermeticidad del edificio. Llenar calculadora y apartados en la EDGE App, y subir documentación correspondiente. | H23: 3 | I23: 2 | J23: 1 | K23: 0 | L23: =H23 -> 3 | M23: =I23 -> 2 | N23: =J23 -> 1 | O23: =K23 -> 0 | P23: FALSE
A24: 4. EDGE Expert: Documentación Diseño | B24: 4.15 EEM11 Natural Ventilation | C24: =SUM(H24:K24) -> 8 | D24: 0.4 | E24: =_xlfn.WORKDAY.INTL(F22, 1, 1,'PONER VACACIONES'!$B$4:$B$24) -> #REF! | F24: =_xlfn.WORKDAY.INTL(E24, D24*5, 1,'PONER VACACIONES'!$B$4:$B$24) -> #REF! | G24: Revisar planos arquitectónicos para verificar proporción de ventanas operables y condiciones de ventilación cruzada. Elaborar diagramas de flujo de aire y cálculo de porcentaje de área operable. Llenar EDGE App y subir planos y diagramas de soporte. | H24: 5 | I24: 2 | J24: 1 | K24: 0 | L24: =H24 -> 5 | M24: =I24 -> 2 | N24: =J24 -> 1 | O24: =K24 -> 0 | P24: FALSE
A25: 4. EDGE Expert: Documentación Diseño | B25: 4.16 EEM12 Ceiling Fans | C25: =SUM(H25:K25) -> 4 | D25: 0.2 | E25: =_xlfn.WORKDAY.INTL(F24, 1, 1,'PONER VACACIONES'!$B$4:$B$24) -> #REF! | F25: =_xlfn.WORKDAY.INTL(E25, D25*5, 1,'PONER VACACIONES'!$B$4:$B$24) -> #REF! | G25: Revisar planos arquitectónicos y eléctricos para confirmar número y ubicación de ventiladores de techo. Validar fichas técnicas y elaborar cuadro resumen de unidades por tipo de espacio. Llenar EDGE App y subir documentación correspondiente. | H25: 1 | I25: 2.5 | J25: 0.5 | K25: 0 | L25: =H25 -> 1 | M25: =I25 -> 2.5 | N25: =J25 -> 0.5 | O25: =K25 -> 0 | P25: FALSE
A26: 4. EDGE Expert: Documentación Diseño | B26: 4.17 EEM13* Cooling System Efficiency | C26: =SUM(H26:K26) -> 5 | D26: 0.2 | E26: =_xlfn.WORKDAY.INTL(F24, 1, 1,'PONER VACACIONES'!$B$4:$B$24) -> #REF! | F26: =_xlfn.WORKDAY.INTL(E26, D26*5, 1,'PONER VACACIONES'!$B$4:$B$24) -> #REF! | G26: Revisar planos de sistema HVAC, revisar eficiencia en fichas técnicas, llenar la calculadora en la EDGE App y subir la documentación correpondiente. | H26: 2 | I26: 2 | J26: 1 | K26: 0 | L26: =H26 -> 2 | M26: =I26 -> 2 | N26: =J26 -> 1 | O26: =K26 -> 0 | P26: FALSE
A27: 4. EDGE Expert: Documentación Diseño | B27: 4.18 EEM14 Variable Speed Drives | C27: =SUM(H27:K27) -> 3.5 | D27: 0.2 | E27: =_xlfn.WORKDAY.INTL(F26, 1, 1,'PONER VACACIONES'!$B$4:$B$24) -> #REF! | F27: =_xlfn.WORKDAY.INTL(E27, D27*5, 1,'PONER VACACIONES'!$B$4:$B$24) -> #REF! | G27: Revisar planos de sistemas HVAC para confirmar instalación de variadores de frecuencia en motores. Validar fichas técnicas de los equipos y elaborar cuadro resumen de potencias controladas. Llenar EDGE App y subir documentación correspondiente. | H27: 2 | I27: 1 | J27: 0.5 | K27: 0 | L27: =H27 -> 2 | M27: =I27 -> 1 | N27: =J27 -> 0.5 | O27: =K27 -> 0 | P27: FALSE
A28: 4. EDGE Expert: Documentación Diseño | B28: 4.19 EEM15 Fresh Air Pre-Conditioning System | C28: =SUM(H28:K28) -> 6 | D28: 0.2 | E28: =_xlfn.WORKDAY.INTL(F27, 1, 1,'PONER VACACIONES'!$B$4:$B$24) -> #REF! | F28: =_xlfn.WORKDAY.INTL(E28, D28*5, 1,'PONER VACACIONES'!$B$4:$B$24) -> #REF! | G28: Revisar planos de sistemas de aire acondicionado para confirmar integración de pre-acondicionamiento de aire exterior. Validar fichas técnicas de equipos y elaborar cuadro resumen de capacidad. Llenar EDGE App y subir documentación correspondiente. | H28: 3 | I28: 2 | J28: 1 | K28: 0 | L28: =H28 -> 3 | M28: =I28 -> 2 | N28: =J28 -> 1 | O28: =K28 -> 0 | P28: FALSE
A29: 4. EDGE Expert: Documentación Diseño | B29: 4.20 EEM16* Space Heating System Efficiency | C29: =SUM(H29:K29) -> 6 | D29: 0.2 | E29: =_xlfn.WORKDAY.INTL(F28, 1, 1,'PONER VACACIONES'!$B$4:$B$24) -> #REF! | F29: =_xlfn.WORKDAY.INTL(E29, D29*5, 1,'PONER VACACIONES'!$B$4:$B$24) -> #REF! | G29: Revisar planos y fichas técnicas de equipos de calefacción para confirmar rendimiento energético. Elaborar cuadro de eficiencias y registrar en EDGE App con documentación de soporte. | H29: 3 | I29: 2 | J29: 1 | K29: 0 | L29: =H29 -> 3 | M29: =I29 -> 2 | N29: =J29 -> 1 | O29: =K29 -> 0 | P29: TRUE
A30: 4. EDGE Expert: Documentación Diseño | B30: 4.21 EEM17 Room Heating Controls with Thermostatic Valves | C30: =SUM(H30:K30) -> 6 | D30: 0.2 | E30: =_xlfn.WORKDAY.INTL(F29, 1, 1,'PONER VACACIONES'!$B$4:$B$24) -> #REF! | F30: =_xlfn.WORKDAY.INTL(E30, D30*5, 1,'PONER VACACIONES'!$B$4:$B$24) -> #REF! | G30: Revisar planos y especificaciones de controles de calefacción para confirmar instalación de válvulas termostáticas. Validar fichas técnicas y elaborar cuadro resumen de espacios servidos. Llenar EDGE App y subir documentación correspondiente. | H30: 3 | I30: 2 | J30: 1 | K30: 0 | L30: =H30 -> 3 | M30: =I30 -> 2 | N30: =J30 -> 1 | O30: =K30 -> 0 | P30: FALSE
A31: 4. EDGE Expert: Documentación Diseño | B31: 4.22 EEM18 Domestic Hot Water (DHW) System | C31: =SUM(H31:K31) -> 2.5 | D31: 0.2 | E31: =_xlfn.WORKDAY.INTL(F26, 1, 1,'PONER VACACIONES'!$B$4:$B$24) -> #REF! | F31: =_xlfn.WORKDAY.INTL(E31, D31*5, 1,'PONER VACACIONES'!$B$4:$B$24) -> #REF! | G31: Revisar planos de sistema de agua caliente, revisar eficiencia en fichas técnicas, llenar la calculadora en la EDGE App y subir la documentación correpondiente. | H31: 2 | I31: 0.5 | J31: 0 | K31: 0 | L31: =H31 -> 2 | M31: =I31 -> 0.5 | N31: =J31 -> 0 | O31: =K31 -> 0 | P31: FALSE
A32: 4. EDGE Expert: Documentación Diseño | B32: 4.23 EEM19 Domestic Hot Water Preheating System | C32: =SUM(H32:K32) -> 6 | D32: 0.2 | E32: =_xlfn.WORKDAY.INTL(F31, 1, 1,'PONER VACACIONES'!$B$4:$B$24) -> #REF! | F32: =_xlfn.WORKDAY.INTL(E32, D32*5, 1,'PONER VACACIONES'!$B$4:$B$24) -> #REF! | G32: Revisar planos y memoria de sistemas de agua caliente para identificar equipos de pre-calentamiento. Validar fichas técnicas y elaborar cuadro resumen de capacidad instalada. Llenar EDGE App y subir documentación correspondiente. | H32: 3 | I32: 2 | J32: 1 | K32: 0 | L32: =H32 -> 3 | M32: =I32 -> 2 | N32: =J32 -> 1 | O32: =K32 -> 0 | P32: FALSE
A33: 4. EDGE Expert: Documentación Diseño | B33: 4.24 EEM20 Economizers | C33: =SUM(H33:K33) -> 5 | D33: 0.2 | E33: =_xlfn.WORKDAY.INTL(F32, 1, 1,'PONER VACACIONES'!$B$4:$B$24) -> #REF! | F33: =_xlfn.WORKDAY.INTL(E33, D33*5, 1,'PONER VACACIONES'!$B$4:$B$24) -> #REF! | G33: Revisar planos y fichas técnicas de unidades HVAC para confirmar incorporación de economizadores de aire exterior. Elaborar cuadro de equipos con economizador y documentar en EDGE App con soporte gráfico. | H33: 2.5 | I33: 2 | J33: 0.5 | K33: 0 | L33: =H33 -> 2.5 | M33: =I33 -> 2 | N33: =J33 -> 0.5 | O33: =K33 -> 0 | P33: FALSE
A34: 4. EDGE Expert: Documentación Diseño | B34: 4.25 EEM21 Demand Control Ventilation Using CO2 Sensors | C34: =SUM(H34:K34) -> 6 | D34: 0.2 | E34: =_xlfn.WORKDAY.INTL(F33, 1, 1,'PONER VACACIONES'!$B$4:$B$24) -> #REF! | F34: =_xlfn.WORKDAY.INTL(E34, D34*5, 1,'PONER VACACIONES'!$B$4:$B$24) -> #REF! | G34: Revisar planos y memoria de ventilación para confirmar ubicación de sensores de CO₂ y su integración con el sistema. Validar fichas técnicas y elaborar cuadro resumen de unidades controladas. Llenar EDGE App y subir documentación correspondiente. | H34: 3 | I34: 2 | J34: 1 | K34: 0 | L34: =H34 -> 3 | M34: =I34 -> 2 | N34: =J34 -> 1 | O34: =K34 -> 0 | P34: FALSE
A35: 4. EDGE Expert: Documentación Diseño | B35: 4.26 EEM22 Efficient Lighting for Internal Areas | C35: =SUM(H35:K35) -> 3 | D35: 0.2 | E35: =_xlfn.WORKDAY.INTL(F26, 1, 1,'PONER VACACIONES'!$B$4:$B$24) -> #REF! | F35: =_xlfn.WORKDAY.INTL(E35, D35*5, 1,'PONER VACACIONES'!$B$4:$B$24) -> #REF! | G35: Revisar planos de iluminación interior, revisar lumenes por watts de consumo en fichas técnicas, generar una calculadora para determinar eficacia luminosa, llenar apartado en la EDGE App y subir la documentación correpondiente. | H35: 2 | I35: 0.5 | J35: 0.5 | K35: 0 | L35: =H35 -> 2 | M35: =I35 -> 0.5 | N35: =J35 -> 0.5 | O35: =K35 -> 0 | P35: FALSE
A36: 4. EDGE Expert: Documentación Diseño | B36: 4.27 EEM23 Efficient Lighting for External Areas | C36: =SUM(H36:K36) -> 2 | D36: 0.2 | E36: =_xlfn.WORKDAY.INTL(F26, 1, 1,'PONER VACACIONES'!$B$4:$B$24) -> #REF! | F36: =_xlfn.WORKDAY.INTL(E36, D36*5, 1,'PONER VACACIONES'!$B$4:$B$24) -> #REF! | G36: Revisar planos de iluminación exterior, revisar lumenes por watts de consumo en fichas técnicas, generar una calculadora para determinar eficacia luminosa, llenar apartado en la EDGE App y subir la documentación correpondiente. | H36: 1.5 | I36: 0.5 | J36: 0 | K36: 0 | L36: =H36 -> 1.5 | M36: =I36 -> 0.5 | N36: =J36 -> 0 | O36: =K36 -> 0 | P36: FALSE
A37: 4. EDGE Expert: Documentación Diseño | B37: 4.28 EEM24 Lighting Controls | C37: =SUM(H37:K37) -> 3.5 | D37: 0.2 | E37: =_xlfn.WORKDAY.INTL(F36, 1, 1,'PONER VACACIONES'!$B$4:$B$24) -> #REF! | F37: =_xlfn.WORKDAY.INTL(E37, D37*5, 1,'PONER VACACIONES'!$B$4:$B$24) -> #REF! | G37: Revisar planos de iluminación, revisar cumplimiento de los sensores de iluminación, investigar fichas técnicas, llenar apartado en la EDGE App y subir la documentación correpondiente. | H37: 2 | I37: 1 | J37: 0.5 | K37: 0 | L37: =H37 -> 2 | M37: =I37 -> 1 | N37: =J37 -> 0.5 | O37: =K37 -> 0 | P37: FALSE
A38: 4. EDGE Expert: Documentación Diseño | B38: 4.29 EEM25 Skylights | C38: =SUM(H38:K38) -> 5 | D38: 0.2 | E38: =_xlfn.WORKDAY.INTL(F37, 1, 1,'PONER VACACIONES'!$B$4:$B$24) -> #REF! | F38: =_xlfn.WORKDAY.INTL(E38, D38*5, 1,'PONER VACACIONES'!$B$4:$B$24) -> #REF! | G38: Revisar planos y dimensiones de los skylights para sacar áreas de iluminación natural, revisar fichas técnicas de los cristales, incorporar planos de iluminación con los sensores de luz diurna, llenar apartado en EDGE APP y subir documentación correspondiente. | H38: 3 | I38: 1.5 | J38: 0.5 | K38: 0 | L38: =H38 -> 3 | M38: =I38 -> 1.5 | N38: =J38 -> 0.5 | O38: =K38 -> 0 | P38: FALSE
A39: 4. EDGE Expert: Documentación Diseño | B39: 4.30 EEM26 Demand Control Ventilation for Parking Using CO2 Sensors | C39: =SUM(H39:K39) -> 6 | D39: 0.2 | E39: =_xlfn.WORKDAY.INTL(F38, 1, 1,'PONER VACACIONES'!$B$4:$B$24) -> #REF! | F39: =_xlfn.WORKDAY.INTL(E39, D39*5, 1,'PONER VACACIONES'!$B$4:$B$24) -> #REF! | G39: Revisar planos de ventilación de estacionamientos para confirmar ubicación de sensores de CO₂. Validar fichas técnicas, elaborar cuadro resumen de equipos controlados, llenar EDGE App y subir documentación correspondiente. | H39: 3 | I39: 2 | J39: 1 | K39: 0 | L39: =H39 -> 3 | M39: =I39 -> 2 | N39: =J39 -> 1 | O39: =K39 -> 0 | P39: FALSE
A40: 4. EDGE Expert: Documentación Diseño | B40: 4.31 EEM27* Insulation for Cold Storage Envelope | C40: =SUM(H40:K40) -> 6 | D40: 0.2 | E40: =_xlfn.WORKDAY.INTL(F39, 1, 1,'PONER VACACIONES'!$B$4:$B$24) -> #REF! | F40: =_xlfn.WORKDAY.INTL(E40, D40*5, 1,'PONER VACACIONES'!$B$4:$B$24) -> #REF! | G40: Revisar planos arquitectónicos de cámaras de refrigeración, validar espesores y materiales de aislamiento en fichas técnicas. Elaborar cuadro resumen de conductividades y registrar en EDGE App con documentación de soporte. | H40: 3 | I40: 2 | J40: 1 | K40: 0 | L40: =H40 -> 3 | M40: =I40 -> 2 | N40: =J40 -> 1 | O40: =K40 -> 0 | P40: TRUE
A41: 4. EDGE Expert: Documentación Diseño | B41: 4.32 EEM28 Efficient Refrigeration for Cold Storage | C41: =SUM(H41:K41) -> 6 | D41: 0.2 | E41: =_xlfn.WORKDAY.INTL(F40, 1, 1,'PONER VACACIONES'!$B$4:$B$24) -> #REF! | F41: =_xlfn.WORKDAY.INTL(E41, D41*5, 1,'PONER VACACIONES'!$B$4:$B$24) -> #REF! | G41: Revisar planos y memoria de refrigeración para confirmar equipos de alta eficiencia en cámaras frías. Validar fichas técnicas, elaborar cuadro comparativo de consumos y registrar en EDGE App con documentación de respaldo. | H41: 3 | I41: 2 | J41: 1 | K41: 0 | L41: =H41 -> 3 | M41: =I41 -> 2 | N41: =J41 -> 1 | O41: =K41 -> 0 | P41: FALSE
A42: 4. EDGE Expert: Documentación Diseño | B42: 4.33 EEM29 Efficient Refrigerators and Clothes Washing Machines | C42: =SUM(H42:K42) -> 5 | D42: 0.2 | E42: =_xlfn.WORKDAY.INTL(F41, 1, 1,'PONER VACACIONES'!$B$4:$B$24) -> #REF! | F42: =_xlfn.WORKDAY.INTL(E42, D42*5, 1,'PONER VACACIONES'!$B$4:$B$24) -> #REF! | G42: Revisar planos de equipamiento, validar fichas técnicas de refrigeradores y lavadoras para confirmar eficiencia. Elaborar cuadro resumen de unidades y consumos, llenar EDGE App y subir documentación correspondiente. | H42: 3 | I42: 1.5 | J42: 0.5 | K42: 0 | L42: =H42 -> 3 | M42: =I42 -> 1.5 | N42: =J42 -> 0.5 | O42: =K42 -> 0 | P42: FALSE
A43: 4. EDGE Expert: Documentación Diseño | B43: 4.34 EEM30 Submeters for Heating and/or Cooling Systems | C43: =SUM(H43:K43) -> 4.5 | D43: 0.2 | E43: =_xlfn.WORKDAY.INTL(F42, 1, 1,'PONER VACACIONES'!$B$4:$B$24) -> #REF! | F43: =_xlfn.WORKDAY.INTL(E43, D43*5, 1,'PONER VACACIONES'!$B$4:$B$24) -> #REF! | G43: Revisar planos y memoria de instalaciones para confirmar instalación de submedidores en sistemas de climatización. Validar fichas técnicas, elaborar cuadro de ubicación y registrar en EDGE App con soporte gráfico. | H43: 3.5 | I43: 0.5 | J43: 0.5 | K43: 0 | L43: =H43 -> 3.5 | M43: =I43 -> 0.5 | N43: =J43 -> 0.5 | O43: =K43 -> 0 | P43: FALSE
A44: 4. EDGE Expert: Documentación Diseño | B44: 4.35 EEM31 Smart Meters for Energy | C44: =SUM(H44:K44) -> 4 | D44: 0.2 | E44: =_xlfn.WORKDAY.INTL(F43, 1, 1,'PONER VACACIONES'!$B$4:$B$24) -> #REF! | F44: =_xlfn.WORKDAY.INTL(E44, D44*5, 1,'PONER VACACIONES'!$B$4:$B$24) -> #REF! | G44: Revisar especificaciones y fichas técnicas de los medidores inteligentes, revisar diagramas de ubicación, generar documentación de respaldo, llenar apartado en EDGE APP y subir documentación correspondiente. | H44: 3 | I44: 0.5 | J44: 0.5 | K44: 0 | L44: =H44 -> 3 | M44: =I44 -> 0.5 | N44: =J44 -> 0.5 | O44: =K44 -> 0 | P44: FALSE
A45: 4. EDGE Expert: Documentación Diseño | B45: 4.36 EEM32 Power Factor Corrections | C45: =SUM(H45:K45) -> 6 | D45: 0.2 | E45: =_xlfn.WORKDAY.INTL(F44, 1, 1,'PONER VACACIONES'!$B$4:$B$24) -> #REF! | F45: =_xlfn.WORKDAY.INTL(E45, D45*5, 1,'PONER VACACIONES'!$B$4:$B$24) -> #REF! | G45: Revisar planos eléctricos y unifilares para confirmar bancos de capacitores y su capacidad (kVAr) por tablero. Validar fichas técnicas y esquema de control/etapas. Elaborar cuadro con factor de potencia base vs. corregido y equipos atendidos. Llenar EDGE App y subir planos, fichas y memoria de cálculo como soporte. | H45: 3 | I45: 2 | J45: 1 | K45: 0 | L45: =H45 -> 3 | M45: =I45 -> 2 | N45: =J45 -> 1 | O45: =K45 -> 0 | P45: FALSE
A46: 4. EDGE Expert: Documentación Diseño | B46: 4.37 EEM33 On-site Renewable Energy | C46: =SUM(H46:K46) -> 8 | D46: 0.4 | E46: =_xlfn.WORKDAY.INTL(F24, 1, 1,'PONER VACACIONES'!$B$4:$B$24) -> #REF! | F46: =_xlfn.WORKDAY.INTL(E46, D46*5, 1,'PONER VACACIONES'!$B$4:$B$24) -> #REF! | G46: Revisar planos, memoria de cálculo y especificaciones de los paneles fotovoltaicos, resaltar en planos información para el revisor, llenar apartado en EDGE APP y subir documentación correspondiente. | H46: 4 | I46: 2 | J46: 2 | K46: 0 | L46: =H46 -> 4 | M46: =I46 -> 2 | N46: =J46 -> 2 | O46: =K46 -> 0 | P46: FALSE
A47: 4. EDGE Expert: Documentación Diseño | B47: 4.38 EEM34 Aditional Energy Saving Measures | C47: =SUM(H47:K47) -> 8 | D47: 0.4 | E47: =_xlfn.WORKDAY.INTL(F45, 1, 1,'PONER VACACIONES'!$B$4:$B$24) -> #REF! | F47: =_xlfn.WORKDAY.INTL(E47, D47*5, 1,'PONER VACACIONES'!$B$4:$B$24) -> #REF! | G47: Revisar memoria de proyecto para identificar medidas adicionales de ahorro energético implementadas. Validar fichas técnicas o reportes de respaldo, elaborar cuadro resumen y documentar en EDGE App. | H47: 4 | I47: 2 | J47: 2 | K47: 0 | L47: =H47 -> 4 | M47: =I47 -> 2 | N47: =J47 -> 2 | O47: =K47 -> 0 | P47: FALSE
A48: 4. EDGE Expert: Documentación Diseño | B48: 4.39 EEM35 Offsite Renewable Energy Procurement | C48: =SUM(H48:K48) -> 6 | D48: 0.2 | E48: =_xlfn.WORKDAY.INTL(F47, 1, 1,'PONER VACACIONES'!$B$4:$B$24) -> #REF! | F48: =_xlfn.WORKDAY.INTL(E48, D48*5, 1,'PONER VACACIONES'!$B$4:$B$24) -> #REF! | G48: Revisar contratos o certificaciones de energía renovable adquirida fuera del sitio. Documentar porcentaje de cobertura energética y subir respaldo en EDGE App. | H48: 3 | I48: 2 | J48: 1 | K48: 0 | L48: =H48 -> 3 | M48: =I48 -> 2 | N48: =J48 -> 1 | O48: =K48 -> 0 | P48: FALSE
A49: 4. EDGE Expert: Documentación Diseño | B49: 4.40 EEM36 Carbon Offset | C49: =SUM(H49:K49) -> 6 | D49: 0.2 | E49: =_xlfn.WORKDAY.INTL(F48, 1, 1,'PONER VACACIONES'!$B$4:$B$24) -> #REF! | F49: =_xlfn.WORKDAY.INTL(E49, D49*5, 1,'PONER VACACIONES'!$B$4:$B$24) -> #REF! | G49: Revisar documentación de compra de bonos de carbono. Validar certificaciones de proveedores y elaborar cuadro resumen de emisiones compensadas. Registrar en EDGE App con soporte documental. | H49: 3 | I49: 2 | J49: 1 | K49: 0 | L49: =H49 -> 3 | M49: =I49 -> 2 | N49: =J49 -> 1 | O49: =K49 -> 0 | P49: FALSE
A50: 4. EDGE Expert: Documentación Diseño | B50: 4.41 EEM37 Low Impact Refrigerants | C50: =SUM(H50:K50) -> 6 | D50: 0.2 | E50: =_xlfn.WORKDAY.INTL(F49, 1, 1,'PONER VACACIONES'!$B$4:$B$24) -> #REF! | F50: =_xlfn.WORKDAY.INTL(E50, D50*5, 1,'PONER VACACIONES'!$B$4:$B$24) -> #REF! | G50: Revisar fichas técnicas de equipos de refrigeración para confirmar uso de refrigerantes de bajo GWP/ODP. Elaborar cuadro resumen de cargas de refrigerante por equipo y documentar en EDGE App con soporte técnico. | H50: 3 | I50: 2 | J50: 1 | K50: 0 | L50: =H50 -> 3 | M50: =I50 -> 2 | N50: =J50 -> 1 | O50: =K50 -> 0 | P50: FALSE
A51: 4. EDGE Expert: Documentación Diseño | B51: 4.42 WEM01 Water-efficient Showerheads | C51: =SUM(H51:K51) -> 2.5 | D51: 0.2 | E51: =_xlfn.WORKDAY.INTL(F19, 1, 1,'PONER VACACIONES'!$B$4:$B$24) -> #REF! | F51: =_xlfn.WORKDAY.INTL(E51, D51*5, 1,'PONER VACACIONES'!$B$4:$B$24) -> #REF! | G51: Revisar planos hidrosanitarios, investigar ficha técnica de la regadera, ingresar consumo en EDGE APP, y subir documentación correpondiente. | H51: 2 | I51: 0.5 | J51: 0 | K51: 0 | L51: =H51 -> 2 | M51: =I51 -> 0.5 | N51: =J51 -> 0 | O51: =K51 -> 0 | P51: FALSE
A52: 4. EDGE Expert: Documentación Diseño | B52: 4.43 WEM02* Water-efficient Faucets for all Bathrooms | C52: =SUM(H52:K52) -> 1.5 | D52: 0.2 | E52: =_xlfn.WORKDAY.INTL(F19, 1, 1,'PONER VACACIONES'!$B$4:$B$24) -> #REF! | F52: =_xlfn.WORKDAY.INTL(E52, D52*5, 1,'PONER VACACIONES'!$B$4:$B$24) -> #REF! | G52: Revisar planos hidrosanitarios, investigar ficha técnica de monomandos de baño, ingresar consumo en EDGE APP, y subir documentación correpondiente. | H52: 1 | I52: 0.5 | J52: 0 | K52: 0 | L52: =H52 -> 1 | M52: =I52 -> 0.5 | N52: =J52 -> 0 | O52: =K52 -> 0 | P52: FALSE
A53: 4. EDGE Expert: Documentación Diseño | B53: 4.44 WEM03* Water-efficient Faucets for Public Bathrooms | C53: =SUM(H53:K53) -> 1.5 | D53: 0.2 | E53: =_xlfn.WORKDAY.INTL(F19, 1, 1,'PONER VACACIONES'!$B$4:$B$24) -> #REF! | F53: =_xlfn.WORKDAY.INTL(E53, D53*5, 1,'PONER VACACIONES'!$B$4:$B$24) -> #REF! | G53: Revisar planos hidrosanitarios, investigar ficha técnica de monomandos de baño, ingresar consumo en EDGE APP, y subir documentación correpondiente. | H53: 1 | I53: 0.5 | J53: 0 | K53: 0 | L53: =H53 -> 1 | M53: =I53 -> 0.5 | N53: =J53 -> 0 | O53: =K53 -> 0 | P53: TRUE
A54: 4. EDGE Expert: Documentación Diseño | B54: 4.45 WEM04* Efficient Water Closets for All Bathrooms | C54: =SUM(H54:K54) -> 1.5 | D54: 0.2 | E54: =_xlfn.WORKDAY.INTL(F19, 1, 1,'PONER VACACIONES'!$B$4:$B$24) -> #REF! | F54: =_xlfn.WORKDAY.INTL(E54, D54*5, 1,'PONER VACACIONES'!$B$4:$B$24) -> #REF! | G54: Revisar planos hidrosanitarios, investigar ficha técnica del WC, ingresar consumo en EDGE APP, y subir documentación correpondiente. | H54: 1 | I54: 0.5 | J54: 0 | K54: 0 | L54: =H54 -> 1 | M54: =I54 -> 0.5 | N54: =J54 -> 0 | O54: =K54 -> 0 | P54: FALSE
A55: 4. EDGE Expert: Documentación Diseño | B55: 4.46 WEM05* Efficient Water Closets for Public Bathrooms | C55: =SUM(H55:K55) -> 1.5 | D55: 0.2 | E55: =_xlfn.WORKDAY.INTL(F19, 1, 1,'PONER VACACIONES'!$B$4:$B$24) -> #REF! | F55: =_xlfn.WORKDAY.INTL(E55, D55*5, 1,'PONER VACACIONES'!$B$4:$B$24) -> #REF! | G55: Revisar planos hidrosanitarios, investigar ficha técnica del WC, ingresar consumo en EDGE APP, y subir documentación correpondiente. | H55: 1 | I55: 0.5 | J55: 0 | K55: 0 | L55: =H55 -> 1 | M55: =I55 -> 0.5 | N55: =J55 -> 0 | O55: =K55 -> 0 | P55: TRUE
A56: 4. EDGE Expert: Documentación Diseño | B56: 4.47 WEM06 Water-efficient Bidet | C56: =SUM(H56:K56) -> 1.5 | D56: 0.2 | E56: =_xlfn.WORKDAY.INTL(F19, 1, 1,'PONER VACACIONES'!$B$4:$B$24) -> #REF! | F56: =_xlfn.WORKDAY.INTL(E56, D56*5, 1,'PONER VACACIONES'!$B$4:$B$24) -> #REF! | G56: Revisar planos hidrosanitarios, investigar ficha técnica del bidet, ingresar consumo en EDGE APP, y subir documentación correpondiente. | H56: 1 | I56: 0.5 | J56: 0 | K56: 0 | L56: =H56 -> 1 | M56: =I56 -> 0.5 | N56: =J56 -> 0 | O56: =K56 -> 0 | P56: FALSE
A57: 4. EDGE Expert: Documentación Diseño | B57: 4.48 WEM07 Water-efficient Urinals | C57: =SUM(H57:K57) -> 1.5 | D57: 0.2 | E57: =_xlfn.WORKDAY.INTL(F19, 1, 1,'PONER VACACIONES'!$B$4:$B$24) -> #REF! | F57: =_xlfn.WORKDAY.INTL(E57, D57*5, 1,'PONER VACACIONES'!$B$4:$B$24) -> #REF! | G57: Revisar planos hidrosanitarios, investigar ficha técnica del mingitorio, ingresar consumo en EDGE APP, y subir documentación correpondiente. | H57: 1 | I57: 0.5 | J57: 0 | K57: 0 | L57: =H57 -> 1 | M57: =I57 -> 0.5 | N57: =J57 -> 0 | O57: =K57 -> 0 | P57: FALSE
A58: 4. EDGE Expert: Documentación Diseño | B58: 4.49 WEM08* Water-efficient Faucets for Kitchen Sinks | C58: =SUM(H58:K58) -> 1.5 | D58: 0.2 | E58: =_xlfn.WORKDAY.INTL(F19, 1, 1,'PONER VACACIONES'!$B$4:$B$24) -> #REF! | F58: =_xlfn.WORKDAY.INTL(E58, D58*5, 1,'PONER VACACIONES'!$B$4:$B$24) -> #REF! | G58: Revisar planos hidrosanitarios, investigar ficha técnica de la llave de cocina, ingresar consumo en EDGE APP, y subir documentación correpondiente. | H58: 1 | I58: 0.5 | J58: 0 | K58: 0 | L58: =H58 -> 1 | M58: =I58 -> 0.5 | N58: =J58 -> 0 | O58: =K58 -> 0 | P58: FALSE
A59: 4. EDGE Expert: Documentación Diseño | B59: 4.50 WEM09 Water-efficient Dish-Washer | C59: =SUM(H59:K59) -> 2 | D59: 0.2 | E59: =_xlfn.WORKDAY.INTL(F50, 1, 1,'PONER VACACIONES'!$B$4:$B$24) -> #REF! | F59: =_xlfn.WORKDAY.INTL(E59, D59*5, 1,'PONER VACACIONES'!$B$4:$B$24) -> #REF! | G59: Revisar planos de cocina para confirmar ubicación y cantidad de lavavajillas. Validar fichas técnicas (consumo por ciclo/eficiencia) y elaborar cuadro resumen de equipos. Ingresar datos en EDGE App y subir documentación correspondiente. | H59: 1 | I59: 1 | J59: 0 | K59: 0 | L59: =H59 -> 1 | M59: =I59 -> 1 | N59: =J59 -> 0 | O59: =K59 -> 0 | P59: FALSE
A60: 4. EDGE Expert: Documentación Diseño | B60: 4.51 WEM10 Water-efficient Pre-rinse Spray Valves for Kitchen | C60: =SUM(H60:K60) -> 1.5 | D60: 0.2 | E60: =_xlfn.WORKDAY.INTL(F59, 1, 1,'PONER VACACIONES'!$B$4:$B$24) -> #REF! | F60: =_xlfn.WORKDAY.INTL(E60, D60*5, 1,'PONER VACACIONES'!$B$4:$B$24) -> #REF! | G60: Revisar planos hidrosanitarios, investigar ficha técnica de la llave de preenjuague, ingresar consumo en EDGE APP, y subir documentación correpondiente. | H60: 1 | I60: 0.5 | J60: 0 | K60: 0 | L60: =H60 -> 1 | M60: =I60 -> 0.5 | N60: =J60 -> 0 | O60: =K60 -> 0 | P60: FALSE
A61: 4. EDGE Expert: Documentación Diseño | B61: 4.52 WEM11 Water-efficient Washing Machines | C61: =SUM(H61:K61) -> 2 | D61: 0.2 | E61: =_xlfn.WORKDAY.INTL(F60, 1, 1,'PONER VACACIONES'!$B$4:$B$24) -> #REF! | F61: =_xlfn.WORKDAY.INTL(E61, D61*5, 1,'PONER VACACIONES'!$B$4:$B$24) -> #REF! | G61: Revisar planos de lavandería para confirmar cantidad y ubicación de lavadoras. Validar fichas técnicas (consumo por ciclo y eficiencia). Elaborar cuadro resumen de equipos, llenar EDGE App y subir documentación correspondiente. | H61: 1 | I61: 1 | J61: 0 | K61: 0 | L61: =H61 -> 1 | M61: =I61 -> 1 | N61: =J61 -> 0 | O61: =K61 -> 0 | P61: FALSE
A62: 4. EDGE Expert: Documentación Diseño | B62: 4.53 WEM12 Swimming Pool Covers | C62: =SUM(H62:K62) -> 2 | D62: 0.2 | E62: =_xlfn.WORKDAY.INTL(F61, 1, 1,'PONER VACACIONES'!$B$4:$B$24) -> #REF! | F62: =_xlfn.WORKDAY.INTL(E62, D62*5, 1,'PONER VACACIONES'!$B$4:$B$24) -> #REF! | G62: Revisar planos de alberca para confirmar cubiertas en todas las piscinas, validar fichas técnicas de las cubiertas, elaborar cuadro resumen de dimensiones, ingresar información en EDGE App y subir documentación correspondiente. | H62: 1 | I62: 1 | J62: 0 | K62: 0 | L62: =H62 -> 1 | M62: =I62 -> 1 | N62: =J62 -> 0 | O62: =K62 -> 0 | P62: FALSE
A63: 4. EDGE Expert: Documentación Diseño | B63: 4.54 WEM13 Water-efficient Lanscape Irrigation System | C63: =SUM(H63:K63) -> 5 | D63: 0.2 | E63: =_xlfn.WORKDAY.INTL(F59, 1, 1,'PONER VACACIONES'!$B$4:$B$24) -> #REF! | F63: =_xlfn.WORKDAY.INTL(E63, D63*5, 1,'PONER VACACIONES'!$B$4:$B$24) -> #REF! | G63: Revisar planos de riego y memoria técnica para confirmar sistema eficiente (goteo, sensores o control automatizado). Validar fichas técnicas de equipos de riego y elaborar cuadro resumen. Ingresar datos en EDGE App y subir documentación correspondiente. | H63: 3.5 | I63: 1 | J63: 0.5 | K63: 0 | L63: =H63 -> 3.5 | M63: =I63 -> 1 | N63: =J63 -> 0.5 | O63: =K63 -> 0 | P63: FALSE
A64: 4. EDGE Expert: Documentación Diseño | B64: 4.55 WEM14 Rainwater Harvesting System | C64: =SUM(H64:K64) -> 5 | D64: 0.2 | E64: =_xlfn.WORKDAY.INTL(F62, 1, 1,'PONER VACACIONES'!$B$4:$B$24) -> #REF! | F64: =_xlfn.WORKDAY.INTL(E64, D64*5, 1,'PONER VACACIONES'!$B$4:$B$24) -> #REF! | G64: Revisar planos hidrosanitarios y memoria de sistema de captación pluvial, validar especificaciones de almacenamiento y bombeo, ingresar datos en EDGE App y subir documentación de soporte. | H64: 3.5 | I64: 1 | J64: 0.5 | K64: 0 | L64: =H64 -> 3.5 | M64: =I64 -> 1 | N64: =J64 -> 0.5 | O64: =K64 -> 0 | P64: FALSE
A65: 4. EDGE Expert: Documentación Diseño | B65: 4.56 WEM15 Waste Water Treatment and Recycling System | C65: =SUM(H65:K65) -> 4 | D65: 0.2 | E65: =_xlfn.WORKDAY.INTL(F64, 1, 1,'PONER VACACIONES'!$B$4:$B$24) -> #REF! | F65: =_xlfn.WORKDAY.INTL(E65, D65*5, 1,'PONER VACACIONES'!$B$4:$B$24) -> #REF! | G65: Revisar planos y especificaciones de planta de tratamiento, subir documentación correpondiente. | H65: 3 | I65: 1 | J65: 0 | K65: 0 | L65: =H65 -> 3 | M65: =I65 -> 1 | N65: =J65 -> 0 | O65: =K65 -> 0 | P65: FALSE
A66: 4. EDGE Expert: Documentación Diseño | B66: 4.57 WEM16 Condensate Water Recovery | C66: =SUM(H66:K66) -> 5 | D66: 0.2 | E66: =_xlfn.WORKDAY.INTL(F65, 1, 1,'PONER VACACIONES'!$B$4:$B$24) -> #REF! | F66: =_xlfn.WORKDAY.INTL(E66, D66*5, 1,'PONER VACACIONES'!$B$4:$B$24) -> #REF! | G66: Revisar planos mecánicos para identificar recuperación de condensados de equipos HVAC. Validar especificaciones de tuberías, tanques y bombeo. Elaborar cuadro de volúmenes estimados, ingresar datos en EDGE App y subir documentación de soporte. | H66: 3.5 | I66: 1 | J66: 0.5 | K66: 0 | L66: =H66 -> 3.5 | M66: =I66 -> 1 | N66: =J66 -> 0.5 | O66: =K66 -> 0 | P66: FALSE
A67: 4. EDGE Expert: Documentación Diseño | B67: 4.58 WEM17 Smart Meters for Water | C67: =SUM(H67:K67) -> 4 | D67: 0.2 | E67: =_xlfn.WORKDAY.INTL(F66, 1, 1,'PONER VACACIONES'!$B$4:$B$24) -> #REF! | F67: =_xlfn.WORKDAY.INTL(E67, D67*5, 1,'PONER VACACIONES'!$B$4:$B$24) -> #REF! | G67: Revisar planos hidrosanitarios y eléctricos para confirmar ubicación y cantidad de medidores inteligentes de agua. Validar fichas técnicas (telemetría, precisión y control). Elaborar cuadro resumen de medidores, ingresar información en EDGE App y subir documentación correspondiente. | H67: 2.5 | I67: 1 | J67: 0.5 | K67: 0 | L67: =H67 -> 2.5 | M67: =I67 -> 1 | N67: =J67 -> 0.5 | O67: =K67 -> 0 | P67: FALSE
A68: 4. EDGE Expert: Documentación Diseño | B68: 4.59 WEM18 Aditional Water Saving Measures | C68: =SUM(H68:K68) -> 6 | D68: 0.2 | E68: =_xlfn.WORKDAY.INTL(F67, 1, 1,'PONER VACACIONES'!$B$4:$B$24) -> #REF! | F68: =_xlfn.WORKDAY.INTL(E68, D68*5, 1,'PONER VACACIONES'!$B$4:$B$24) -> #REF! | G68: Revisar planos y memoria técnica para confirmar medidas adicionales de ahorro de agua (ej. aireadores, reutilización puntual o tecnologías innovadoras). Validar fichas técnicas y elaborar cuadro de impacto estimado. Ingresar datos en EDGE App y subir documentación de soporte. | H68: 3 | I68: 2 | J68: 1 | K68: 0 | L68: =H68 -> 3 | M68: =I68 -> 2 | N68: =J68 -> 1 | O68: =K68 -> 0 | P68: FALSE
A69: 4. EDGE Expert: Documentación Diseño | B69: 4.60 MEM01* Bottom Floor Construction | C69: =SUM(H69:K69) -> 2.5 | D69: 0.2 | E69: =_xlfn.WORKDAY.INTL(F13, 1, 1,'PONER VACACIONES'!$B$4:$B$24) -> #REF! | F69: =_xlfn.WORKDAY.INTL(E69, D69*5, 1,'PONER VACACIONES'!$B$4:$B$24) -> #REF! | G69: Revisar planos de sistema constructivo, calcular proporción de sistemas utilizados si son más de 2, ingresar datos de espesor, tipo de sistema, steel rebar en EDGE App y subir documentación correspondiente. | H69: 2 | I69: 0.5 | J69: 0 | K69: 0 | L69: =H69 -> 2 | M69: =I69 -> 0.5 | N69: =J69 -> 0 | O69: =K69 -> 0 | P69: FALSE
A70: 4. EDGE Expert: Documentación Diseño | B70: 4.61 MEM02* Intermediate Floor Construction | C70: =SUM(H70:K70) -> 4 | D70: 0.2 | E70: =_xlfn.WORKDAY.INTL(F13, 1, 1,'PONER VACACIONES'!$B$4:$B$24) -> #REF! | F70: =_xlfn.WORKDAY.INTL(E70, D70*5, 1,'PONER VACACIONES'!$B$4:$B$24) -> #REF! | G70: Revisar planos de sistema constructivo, calcular proporción de sistemas utilizados si son más de 2, ingresar datos de espesor, tipo de sistema, steel rebar en EDGE App y subir documentación correspondiente. | H70: 3 | I70: 1 | J70: 0 | K70: 0 | L70: =H70 -> 3 | M70: =I70 -> 1 | N70: =J70 -> 0 | O70: =K70 -> 0 | P70: FALSE
A71: 4. EDGE Expert: Documentación Diseño | B71: 4.62 MEM03*Floor Finish | C71: =SUM(H71:K71) -> 4 | D71: 0.2 | E71: =_xlfn.WORKDAY.INTL(F70, 1, 1,'PONER VACACIONES'!$B$4:$B$24) -> #REF! | F71: =_xlfn.WORKDAY.INTL(E71, D71*5, 1,'PONER VACACIONES'!$B$4:$B$24) -> #REF! | G71: Revisar planos de acabado del techo, calcular proporción de materiales si son más de 2, ingresar datos de espesor, porcentaje y tipo de material en EDGE App y subir documentación correspondiente. | H71: 3 | I71: 1 | J71: 0 | K71: 0 | L71: =H71 -> 3 | M71: =I71 -> 1 | N71: =J71 -> 0 | O71: =K71 -> 0 | P71: FALSE
A72: 4. EDGE Expert: Documentación Diseño | B72: 4.63 MEM04* Roof Construction | C72: =SUM(H72:K72) -> 2.5 | D72: 0.2 | E72: =_xlfn.WORKDAY.INTL(F70, 1, 1,'PONER VACACIONES'!$B$4:$B$24) -> #REF! | F72: =_xlfn.WORKDAY.INTL(E72, D72*5, 1,'PONER VACACIONES'!$B$4:$B$24) -> #REF! | G72: Revisar planos de sistema constructivo, calcular proporción de sistemas utilizados si son más de 2, ingresar datos de espesor, tipo de sistema, steel rebar en EDGE App y subir documentación correspondiente. | H72: 2 | I72: 0.5 | J72: 0 | K72: 0 | L72: =H72 -> 2 | M72: =I72 -> 0.5 | N72: =J72 -> 0 | O72: =K72 -> 0 | P72: FALSE
A73: 4. EDGE Expert: Documentación Diseño | B73: 4.64 MEM05* Exterior Walls | C73: =SUM(H73:K73) -> 2.5 | D73: 0.2 | E73: =_xlfn.WORKDAY.INTL(F71, 1, 1,'PONER VACACIONES'!$B$4:$B$24) -> #REF! | F73: =_xlfn.WORKDAY.INTL(E73, D73*5, 1,'PONER VACACIONES'!$B$4:$B$24) -> #REF! | G73: Revisar planos de sistema constructivo de muros exteriores, calcular proporción de materiales utilizados, si son más de 2; ingresar datos de espesor, tipo de material y proporción en EDGE App, subir documentación correspondiente. | H73: 2 | I73: 0.5 | J73: 0 | K73: 0 | L73: =H73 -> 2 | M73: =I73 -> 0.5 | N73: =J73 -> 0 | O73: =K73 -> 0 | P73: FALSE
A74: 4. EDGE Expert: Documentación Diseño | B74: 4.65 MEM06* Interior Walls | C74: =SUM(H74:K74) -> 3.5 | D74: 0.2 | E74: =_xlfn.WORKDAY.INTL(F71, 1, 1,'PONER VACACIONES'!$B$4:$B$24) -> #REF! | F74: =_xlfn.WORKDAY.INTL(E74, D74*5, 1,'PONER VACACIONES'!$B$4:$B$24) -> #REF! | G74: Revisar planos de sistema constructivo de muros interiores, calcular proporción de materiales utilizados, si son más de 2; ingresar datos de espesor, tipo de material y proporción en EDGE App, subir documentación correspondiente. | H74: 2.5 | I74: 1 | J74: 0 | K74: 0 | L74: =H74 -> 2.5 | M74: =I74 -> 1 | N74: =J74 -> 0 | O74: =K74 -> 0 | P74: FALSE
A75: 4. EDGE Expert: Documentación Diseño | B75: 4.66 MEM07* Window Frames | C75: =SUM(H75:K75) -> 2 | D75: 0.2 | E75: =_xlfn.WORKDAY.INTL(F74, 1, 1,'PONER VACACIONES'!$B$4:$B$24) -> #REF! | F75: =_xlfn.WORKDAY.INTL(E75, D75*5, 1,'PONER VACACIONES'!$B$4:$B$24) -> #REF! | G75: Revisar planos de ventanería, ingresar tipo de material en EDGE App y subir documentación correspondiente. | H75: 1.5 | I75: 0.5 | J75: 0 | K75: 0 | L75: =H75 -> 1.5 | M75: =I75 -> 0.5 | N75: =J75 -> 0 | O75: =K75 -> 0 | P75: FALSE
A76: 4. EDGE Expert: Documentación Diseño | B76: 4.67 MEM08* Window Glazing | C76: =SUM(H76:K76) -> 2 | D76: 0.2 | E76: =_xlfn.WORKDAY.INTL(F74, 1, 1,'PONER VACACIONES'!$B$4:$B$24) -> #REF! | F76: =_xlfn.WORKDAY.INTL(E76, D76*5, 1,'PONER VACACIONES'!$B$4:$B$24) -> #REF! | G76: Revisar planos de ventanería, investigar ficha técnica del vidrio, ingresar tipo de vidrio en EDGE App y subir documentación correspondiente. | H76: 1.5 | I76: 0.5 | J76: 0 | K76: 0 | L76: =H76 -> 1.5 | M76: =I76 -> 0.5 | N76: =J76 -> 0 | O76: =K76 -> 0 | P76: FALSE
A77: 4. EDGE Expert: Documentación Diseño | B77: 4.68 MEM09* Roof insulation | C77: =SUM(H77:K77) -> 1.5 | D77: 0.2 | E77: =_xlfn.WORKDAY.INTL(F74, 1, 1,'PONER VACACIONES'!$B$4:$B$24) -> #REF! | F77: =_xlfn.WORKDAY.INTL(E77, D77*5, 1,'PONER VACACIONES'!$B$4:$B$24) -> #REF! | G77: Revisar planos de especificaciones de techo, calcular proporción de materiales utilizados si son más de 2, ingresar datos de espesor y tipo de aislamiento en EDGE App y subir documentación correspondiente. | H77: 1 | I77: 0.5 | J77: 0 | K77: 0 | L77: =H77 -> 1 | M77: =I77 -> 0.5 | N77: =J77 -> 0 | O77: =K77 -> 0 | P77: FALSE
A78: 4. EDGE Expert: Documentación Diseño | B78: 4.69 MEM10* Wall insulation | C78: =SUM(H78:K78) -> 1.5 | D78: 0.2 | E78: =_xlfn.WORKDAY.INTL(F74, 1, 1,'PONER VACACIONES'!$B$4:$B$24) -> #REF! | F78: =_xlfn.WORKDAY.INTL(E78, D78*5, 1,'PONER VACACIONES'!$B$4:$B$24) -> #REF! | G78: Revisar planos de especificaciones de muro, calcular proporción de materiales utilizados si son más de 2, ingresar datos de espesor y tipo de aislamiento en EDGE App y subir documentación correspondiente. | H78: 1 | I78: 0.5 | J78: 0 | K78: 0 | L78: =H78 -> 1 | M78: =I78 -> 0.5 | N78: =J78 -> 0 | O78: =K78 -> 0 | P78: FALSE
A79: 4. EDGE Expert: Documentación Diseño | B79: 4.70 MEM11*Floor insulation | C79: =SUM(H79:K79) -> 1.5 | D79: 0.2 | E79: =_xlfn.WORKDAY.INTL(F74, 1, 1,'PONER VACACIONES'!$B$4:$B$24) -> #REF! | F79: =_xlfn.WORKDAY.INTL(E79, D79*5, 1,'PONER VACACIONES'!$B$4:$B$24) -> #REF! | G79: Revisar planos de especificaciones de piso, calcular proporción de materiales utilizados si son más de 2, ingresar datos de espesor y tipo de aislamiento en EDGE App y subir documentación correspondiente. | H79: 1 | I79: 0.5 | J79: 0 | K79: 0 | L79: =H79 -> 1 | M79: =I79 -> 0.5 | N79: =J79 -> 0 | O79: =K79 -> 0 | P79: FALSE
A80: 5. EDGE Auditor Diseño | B80: 5.1 Revisión preliminar EDGE Auditor | C80: =SUM(H80:K80) -> 10 | D80: 0.8 | E80: =_xlfn.WORKDAY.INTL(F68+1, 1, 1,'PONER VACACIONES'!$B$4:$B$24) -> #REF! | F80: =_xlfn.WORKDAY.INTL(E80, D80*5, 1,'PONER VACACIONES'!$B$4:$B$24) -> #REF! | G80: Descargar la documentación ingresada en la plataforma. Validar el cumplimiento de los requisitos por cada una de las estrategias y comparar que la información sea consistente con lo ingresado en la plataforma EDGE. | H80: 0 | I80: 0 | J80: 0 | K80: 10 | L80: =H80 -> 0 | M80: =I80 -> 0 | N80: =J80 -> 0 | O80: =K80 -> 10 | P80: FALSE
A81: 5. EDGE Auditor Diseño | B81: 5.2 Reporte y validación para certificación preliminar | C81: =SUM(H81:K81) -> 10 | D81: 0.8 | E81: =_xlfn.WORKDAY.INTL(F80, 1, 1,'PONER VACACIONES'!$B$4:$B$24) -> #REF! | F81: =_xlfn.WORKDAY.INTL(E81, D81*5, 1,'PONER VACACIONES'!$B$4:$B$24) -> #REF! | G81: Revisar la documentación, emitir observaciones y solicitar ajustes si no se cumplen los requisitos. Una vez que el proyecto cumpla con todas las estrategias, enviarlo al GBCI para su revisión y certificación preliminar. | H81: 0 | I81: 0 | J81: 0 | K81: 10 | L81: =H81 -> 0 | M81: =I81 -> 0 | N81: =J81 -> 0 | O81: =K81 -> 10 | P81: FALSE
A82: 6. EDGE Expert: Correcciones Diseño | B82: 6.1 Descarga de observaciones del auditor | C82: =SUM(H82:K82) -> 1.5 | D82: 0.2 | E82: =_xlfn.WORKDAY.INTL(F81+1, 1, 1,'PONER VACACIONES'!$B$4:$B$24) -> #REF! | F82: =_xlfn.WORKDAY.INTL(E82, D82*5, 1,'PONER VACACIONES'!$B$4:$B$24) -> #REF! | G82: Descargar los comentarios del Auditor, revisar si se deben realizar ajustes a algunas estrategias para aprobación, corregir estrategias, actualizar información y documentación en EDGE APP. | H82: 0 | I82: 1 | J82: 0.5 | K82: 0 | L82: =H82 -> 0 | M82: =I82 -> 1 | N82: =J82 -> 0.5 | O82: =K82 -> 0 | P82: FALSE
A83: 6. EDGE Expert: Correcciones Diseño | B83: 6.2 Preparación de respuestas técnicas | C83: =SUM(H83:K83) -> 3 | D83: 0.2 | E83: =_xlfn.WORKDAY.INTL(F82, 1, 1,'PONER VACACIONES'!$B$4:$B$24) -> #REF! | F83: =_xlfn.WORKDAY.INTL(E83, D83*5, 1,'PONER VACACIONES'!$B$4:$B$24) -> #REF! | G83: Generar narrativas de respuesta y aclaración para los comentarios del revisor, proporcionar documentación de validación preliminar. | H83: 1 | I83: 2 | J83: 0 | K83: 0 | L83: =H83 -> 1 | M83: =I83 -> 2 | N83: =J83 -> 0 | O83: =K83 -> 0 | P83: FALSE
A84: 6. EDGE Expert: Correcciones Diseño | B84: 6.3 Subida de correcciones | C84: =SUM(H84:K84) -> 2 | D84: 0.2 | E84: =_xlfn.WORKDAY.INTL(F83, 1, 1,'PONER VACACIONES'!$B$4:$B$24) -> #REF! | F84: =_xlfn.WORKDAY.INTL(E84, D84*5, 1,'PONER VACACIONES'!$B$4:$B$24) -> #REF! | G84: Subir información a cada una de las estrategias observadas, enviar de nuevo el proyecto a revisión y esperar el certificado preliminar. | H84: 0 | I84: 2 | J84: 0 | K84: 0 | L84: =H84 -> 0 | M84: =I84 -> 2 | N84: =J84 -> 0 | O84: =K84 -> 0 | P84: FALSE
A85: 7. EDGE Expert: Documentación Construcción | B85: 7.1 Preparación de narrativas y justificaciones | C85: =SUM(H85:K85) -> 5 | D85: 0.4 | E85: =_xlfn.WORKDAY.INTL(F84, 1, 1,'PONER VACACIONES'!$B$4:$B$24) -> #REF! | F85: =_xlfn.WORKDAY.INTL(E85, D85*5, 1,'PONER VACACIONES'!$B$4:$B$24) -> #REF! | G85: Preparar narrativas para cada una de las estrategias perseguidas las cuales se apoyarán en la documentación de reportes fotográficos y facturas del proceso constructivo. | H85: 2 | I85: 3 | J85: 0 | K85: 0 | L85: =H85 -> 2 | M85: =I85 -> 3 | N85: =J85 -> 0 | O85: =K85 -> 0 | P85: FALSE
A86: 7. EDGE Expert: Documentación Construcción | B86: 7.2 Recopilación de fotos y facturas | C86: =SUM(H86:K86) -> 8 | D86: 96 | E86: =_xlfn.WORKDAY.INTL(F85+30, 1, 1,'PONER VACACIONES'!$B$4:$B$24) -> #REF! | F86: =_xlfn.WORKDAY.INTL(E86, D86*5, 1,'PONER VACACIONES'!$B$4:$B$24) -> #REF! | G86: Seguimiento y recopilación de fotos y facturas durante la etapa de construcción, organizar información en formato oficial. | H86: 3 | I86: 4 | J86: 1 | K86: 0 | L86: =H86 -> 3 | M86: =I86 -> 4 | N86: =J86 -> 1 | O86: =K86 -> 0 | P86: FALSE
A87: 7. EDGE Expert: Documentación Construcción | B87: 7.3 Validación técnica contra medidas EDGE | C87: =SUM(H87:K87) -> 3 | D87: 0.2 | E87: =_xlfn.WORKDAY.INTL(F86, 1, 1,'PONER VACACIONES'!$B$4:$B$24) -> #REF! | F87: =_xlfn.WORKDAY.INTL(E87, D87*5, 1,'PONER VACACIONES'!$B$4:$B$24) -> #REF! | G87: Revisión de información compartida, generación de issues log con faltantes. | H87: 1 | I87: 2 | J87: 0 | K87: 0 | L87: =H87 -> 1 | M87: =I87 -> 2 | N87: =J87 -> 0 | O87: =K87 -> 0 | P87: FALSE
A88: 7. EDGE Expert: Documentación Construcción | B88: 7.4 Carga y etiquetado en EDGE App | C88: =SUM(H88:K88) -> 4 | D88: 0.2 | E88: =_xlfn.WORKDAY.INTL(F87, 1, 1,'PONER VACACIONES'!$B$4:$B$24) -> #REF! | F88: =_xlfn.WORKDAY.INTL(E88, D88*5, 1,'PONER VACACIONES'!$B$4:$B$24) -> #REF! | G88: Organizar y subir por estrategia la documentación correspondiente. | H88: 3 | I88: 1 | J88: 0 | K88: 0 | L88: =H88 -> 3 | M88: =I88 -> 1 | N88: =J88 -> 0 | O88: =K88 -> 0 | P88: FALSE
A89: 8. EDGE Auditor Construcción | B89: 8.1 Revisión final EDGE Auditor | C89: =SUM(H89:K89) -> 5 | D89: 0.4 | E89: =_xlfn.WORKDAY.INTL(F88+5, 1, 1,'PONER VACACIONES'!$B$4:$B$24) -> #REF! | F89: =_xlfn.WORKDAY.INTL(E89, D89*5, 1,'PONER VACACIONES'!$B$4:$B$24) -> #REF! | G89: Preparar auditoría en sitio: coordinar la visita al proyecto con el equipo, hacer una revisión preliminar de la documentación enviada a través de la plataforma y preparar el material necesario para la visita. | H89: 0 | I89: 0 | J89: 0 | K89: 5 | L89: =H89 -> 0 | M89: =I89 -> 0 | N89: =J89 -> 0 | O89: =K89 -> 5 | P89: FALSE
A90: 8. EDGE Auditor Construcción | B90: 8.2 Reporte y validación para certificación | C90: =SUM(H90:K90) -> 27 | D90: 2 | E90: =_xlfn.WORKDAY.INTL(F89, 1, 1,'PONER VACACIONES'!$B$4:$B$24) -> #REF! | F90: =_xlfn.WORKDAY.INTL(E90, D90*5, 1,'PONER VACACIONES'!$B$4:$B$24) -> #REF! | G90: Realizar la auditoría en sitio para verificar las estrategias implementadas, emitir observaciones y solicitar ajustes en la documentación si es necesario. Una vez que el proyecto cumpla con todos los requisitos, enviarlo al GBCI para su revisión y certificación. | H90: 0 | I90: 0 | J90: 0 | K90: 27 | L90: =H90 -> 0 | M90: =I90 -> 0 | N90: =J90 -> 0 | O90: =K90 -> 27 | P90: FALSE
A91: 9. EDGE Expert: Correcciones Construcción | B91: 9.1 Descarga de observaciones del auditor | C91: =SUM(H91:K91) -> 2 | D91: 0.2 | E91: =_xlfn.WORKDAY.INTL(F90, 1, 1,'PONER VACACIONES'!$B$4:$B$24) -> #REF! | F91: =_xlfn.WORKDAY.INTL(E91, D91*5, 1,'PONER VACACIONES'!$B$4:$B$24) -> #REF! | G91: Descargar los comentarios finales del Auditor, revisar si se deben realizar ajustes a algunas estrategias para aprobación final, corregir estrategias, actualizar información y documentación en EDGE APP. | H91: 0 | I91: 1.5 | J91: 0.5 | K91: 0 | L91: =H91 -> 0 | M91: =I91 -> 1.5 | N91: =J91 -> 0.5 | O91: =K91 -> 0 | P91: FALSE
A92: 9. EDGE Expert: Correcciones Construcción | B92: 9.2 Preparación de respuestas técnicas | C92: =SUM(H92:K92) -> 5 | D92: 0.4 | E92: =_xlfn.WORKDAY.INTL(F91, 1, 1,'PONER VACACIONES'!$B$4:$B$24) -> #REF! | F92: =_xlfn.WORKDAY.INTL(E92, D92*5, 1,'PONER VACACIONES'!$B$4:$B$24) -> #REF! | G92: Generar narrativas de respuesta y aclaración para los comentarios del revisor, proporcionar documentación de validación final. | H92: 2 | I92: 3 | J92: 0 | K92: 0 | L92: =H92 -> 2 | M92: =I92 -> 3 | N92: =J92 -> 0 | O92: =K92 -> 0 | P92: FALSE
A93: 9. EDGE Expert: Correcciones Construcción | B93: 9.3 Subida de correcciones | C93: =SUM(H93:K93) -> 3 | D93: 0.2 | E93: =_xlfn.WORKDAY.INTL(F92, 1, 1,'PONER VACACIONES'!$B$4:$B$24) -> #REF! | F93: =_xlfn.WORKDAY.INTL(E93, D93*5, 1,'PONER VACACIONES'!$B$4:$B$24) -> #REF! | G93: Subir información a cada una de las estrategias observadas, enviar el proyecto a revisión final y esperar el certificado final. | H93: 1.5 | I93: 1 | J93: 0.5 | K93: 0 | L93: =H93 -> 1.5 | M93: =I93 -> 1 | N93: =J93 -> 0.5 | O93: =K93 -> 0 | P93: FALSE
A94: 10. Cierre de proyecto | B94: 10.1 Entrega de resumen y cierre | C94: =SUM(H94:K94) -> 3 | D94: 0.2 | E94: =_xlfn.WORKDAY.INTL(F93, 1, 1,'PONER VACACIONES'!$B$4:$B$24) -> #REF! | F94: =_xlfn.WORKDAY.INTL(E94, D94*5, 1,'PONER VACACIONES'!$B$4:$B$24) -> #REF! | G94: Compartir al cliente el certificado de su proyecto, adjuntar un press realease y un book de cierre del proyecto. Apoyar en la solicitud de la placa EDGE. | H94: 0 | I94: 1.5 | J94: 1.5 | K94: 0 | L94: =H94 -> 0 | M94: =I94 -> 1.5 | N94: =J94 -> 1.5 | O94: =K94 -> 0 | P94: FALSE
C95: =SUM(C6:C94) -> 403 | H95: =SUM(H6:H94) -> 169.5 | I95: =SUM(I6:I94) -> 124 | J95: =SUM(J6:J94) -> 57.5 | K95: =SUM(K6:K94) -> 52 | L95: =SUM(L6:L94) -> 169.5 | M95: =SUM(M6:M94) -> 124 | N95: =SUM(N6:N94) -> 57.5 | O95: =SUM(O6:O94) -> 52 | P95: FALSE

Sheet Hoja 1
A1: Bloque | B1: Actividad | C1: Duracion (semanas) | D1: Fecha inicio | E1: Fecha fin | F1: Descripción de actividades | G1: CJ | H1: CS | I1: PM | J1: Auditor | K1: HPen CJ | L1: HPen CS | M1: HPen PM | N1: HPen Auditor | O1: Críticas
A2: 0. Carga en Smart Suite | B2: 0.1 Gestión de proyecto | C2: 0.2 | D2: 45840 | E2: 45841 | F2: Gestionar y programar el WBS del proyecto en Smart Suite. | G2: 0 | H2: 0 | I2: 6 | J2: 0 | K2: 0 | L2: 0 | M2: 6 | N2: 0 | O2: FALSE
A3: 1. Seguimiento | B3: 1.1 Reuniones con el cliente | C3: 120 | D3: 45840 | E3: 46696 | F3: Atender reuniones con el cliente | G3: 0 | H3: 4 | I3: 8 | J3: 0 | K3: 0 | L3: 4 | M3: 8 | N3: 0 | O3: FALSE
A4: 1. Seguimiento | B4: 1.2 Kick-off | C4: 0.2 | D4: 45841 | E4: 45842 | F4: Exponer ante el cliente el comportamiento del proyecto en EDGE. Explicar las estrategias a seguir y las metas de la certificación. | G4: 0 | H4: 1 | I4: 1 | J4: 0 | K4: 0 | L4: 1 | M4: 1 | N4: 0 | O4: FALSE
A5: 2. EDGE Expert: Diseño Integrado | B5: 2.1 Evaluación inicial en EDGE App | C5: 0.2 | D5: 45845 | E5: 45846 | F5: Revisar la información compartida y evaluar el proyecto en la EDGE App. | G5: 2 | H5: 3 | I5: 1 | J5: 0 | K5: 2 | L5: 3 | M5: 1 | N5: 0 | O5: FALSE
A6: 2. EDGE Expert: Diseño Integrado | B6: 2.2 Revisión de diseño arquitectónico y de ingeniería | C6: 1 | D6: 45845 | E6: 45852 | F6: Revisar los avances de las ingenierías del proyecto detéctando áreas de oportunidad y mejora para cumplir con los objetivos de EDGE. | G6: 2 | H6: 5 | I6: 1 | J6: 0 | K6: 2 | L6: 5 | M6: 1 | N6: 0 | O6: FALSE
A7: 3. EDGE Expert: Seguimiento | B7: 3.1. Reuniones de seguimiento con cliente | C7: 12 | D7: 45845 | E7: 45930 | F7: Programar y llevar reuniones con el cliente y los equipos de trabajo para explicar si se está cumpliendo con las estrategias persegidas. | G7: 0 | H7: 6 | I7: 12 | J7: 0 | K7: 0 | L7: 6 | M7: 12 | N7: 0 | O7: FALSE
A8: 3. EDGE Expert: Seguimiento | B8: 3.2 Coordinación con equipo de diseño y ajustes | C8: 4 | D8: 45842 | E8: 45870 | F8: Capacitaciones para el equipo de diseño, revisión de planos y sugerencias. | G8: 0 | H8: 4 | I8: 8 | J8: 0 | K8: 0 | L8: 4 | M8: 8 | N8: 0 | O8: FALSE
A9: 4. EDGE Expert: Documentación Diseño | B9: 4.1 Alta del proyecto en EDGE APP y verificación de versión | C9: 0.2 | D9: 45873 | E9: 45874 | F9: Realizar el registro del proyecto, solicitar al cliente los datos de registro a través de un RFI. | G9: 0 | H9: 2 | I9: 1 | J9: 0 | K9: 0 | L9: 2 | M9: 1 | N9: 0 | O9: FALSE
A10: 4. EDGE Expert: Documentación Diseño | B10: 4.2 Configuración de parámetros base y tipologías | C10: 0.2 | D10: 45846 | E10: 45847 | F10: Definir y generar tipologías del proyecto | G10: 2 | H10: 1 | I10: 0 | J10: 0 | K10: 2 | L10: 1 | M10: 0 | N10: 0 | O10: FALSE
A11: 4. EDGE Expert: Documentación Diseño | B11: 4.3. Revisión de planos y fichas técnicas | C11: 120 | D11: 45846 | E11: 46702 | F11: Revisión de planos as-built y fichas técnicas, generación de issues log y recomendaciones. | G11: 2 | H11: 3 | I11: 1 | J11: 0 | K11: 2 | L11: 3 | M11: 1 | N11: 0 | O11: FALSE
A12: 4. EDGE Expert: Documentación Diseño | B12: 4.4 Design | C12: 0.2 | D12: 45845 | E12: 45846 | F12: Realizar el llenado de la pestaña de diseño en EDGE App. Subir los documentos correspondientes. | G12: 2.5 | H12: 1.5 | I12: 0.5 | J12: 0 | K12: 2.5 | L12: 1.5 | M12: 0.5 | N12: 0 | O12: FALSE
A13: 4. EDGE Expert: Documentación Diseño | B13: 4.5 EEM01* Window-to-Wall Ratio | C13: 0.2 | D13: 45845 | E13: 45846 | F13: Revisar los alzados del proyecto para calcular la proporción de ventana-muro, llenar calculadora en EDGE App y subir documentación correspondiente. | G13: 2.5 | H13: 2 | I13: 0.5 | J13: 0 | K13: 2.5 | L13: 2 | M13: 0.5 | N13: 0 | O13: TRUE
... A93: 10. Cierre de proyecto | B93: 10.1 Entrega de resumen y cierre | C93: 0.2 | D93: 46724 | E93: 46727 | F93: Compartir al cliente el certificado de su proyecto, adjuntar un press realease y un book de cierre del proyecto. Apoyar en la solicitud de la placa EDGE. | G93: 0 | H93: 1.5 | I93: 1.5 | J93: 0 | K93: 0 | L93: 1.5 | M93: 1.5 | N93: 0 | O93: FALSE

Sheet Hoja 2
B3: ID Etapa | C3: Orden | D3: Etapa | E3: Abreviatura
B4: =C4&". "&D4 -> 0. Carga en Smart Suite | C4: 0 | D4: Carga en Smart Suite | E4: CSS
B5: =C5&". "&D5 -> 1. Seguimiento | C5: 1 | D5: Seguimiento | E5: SEGI
B6: =C6&". "&D6 -> 2. EDGE Expert: Diseño Integrado | C6: 2 | D6: EDGE Expert: Diseño Integrado | E6: EEDis
B7: =C7&". "&D7 -> 3. EDGE Expert: Seguimiento | C7: 3 | D7: EDGE Expert: Seguimiento | E7: EESeg
B8: =C8&". "&D8 -> 4. EDGE Expert: Documentación Diseño | C8: 4 | D8: EDGE Expert: Documentación Diseño | E8: EEDDis
B9: =C9&". "&D9 -> 5. EDGE Auditor Diseño | C9: 5 | D9: EDGE Auditor Diseño | E9: EEAudD
B10: =C10&". "&D10 -> 6. EDGE Expert: Correcciones Diseño | C10: 6 | D10: EDGE Expert: Correcciones Diseño | E10: EECorrD
B11: =C11&". "&D11 -> 7. EDGE Expert: Documentación Construcción | C11: 7 | D11: EDGE Expert: Documentación Construcción | E11: EEDCon
B12: =C12&". "&D12 -> 8. EDGE Auditor Construcción | C12: 8 | D12: EDGE Auditor Construcción | E12: EAuditC
B13: =C13&". "&D13 -> 9. EDGE Expert: Correcciones Construcción | C13: 9 | D13: EDGE Expert: Correcciones Construcción | E13: EECorrC
B14: =C14&". "&D14 -> 10. Cierre de proyecto | C14: 10 | D14: Cierre de proyecto | E14: CP
